partner_id,partner_name,partner_experience_years,vehicle_type,rating,completed_deliveries,partner_city
PART0001,Rachit Srivastava,0.5,Van,4.3,246,Jaipur
PART0002,Ojasvi Vaidya,0.8,Bike,4.25,495,Jaipur
PART0003,Kiaan Chowdhury,3.1,Bike,4.71,2457,Chennai
PART0004,Darpan Raman,3.0,Bike,4.72,3324,Mumbai
PART0005,Aishani Merchant,1.6,Van,4.34,1319,Bengaluru
PART0006,Kamya Bansal,2.0,Bike,4.3,1865,Bengaluru
PART0007,Megha Rai,5.9,EV,4.42,5114,Chennai
PART0008,Yashasvi Lal,5.0,Bike,4.82,4154,Indore
PART0009,Bachittar Bhatia,3.4,Bike,4.02,4916,Ahmedabad
PART0010,Bhavika Chad,2.1,Bike,4.97,3030,Bengaluru
PART0011,Anamika Deshpande,3.0,Bike,4.47,2709,Mumbai
PART0012,Manya Atwal,4.4,Bike,3.74,5072,Hyderabad
PART0013,Udant Suresh,0.3,Bike,4.21,522,Hyderabad
PART0014,Yatin Walla,1.7,Van,4.66,1608,Delhi
PART0015,Ekansh Pandya,2.4,Bike,4.66,2595,Chennai
PART0016,Omkaar Venkataraman,1.5,Van,3.88,633,Chennai
PART0017,Anjali Shan,2.2,Truck,4.77,1872,Bengaluru
PART0018,Upma Sarkar,0.6,Truck,4.17,832,Indore
PART0019,Vrishti Thakur,6.0,Van,3.87,4782,Kolkata
PART0020,Victor Balakrishnan,1.9,EV,3.77,1483,Chennai
PART0021,Dipta Tara,0.0,Bike,3.9,274,Kolkata
PART0022,Upasna Warrior,4.3,Bike,4.18,4436,Delhi
PART0023,Madhavi Sawhney,0.2,Bike,4.71,893,Kolkata
PART0024,Amol Singh,0.3,Van,3.26,912,Delhi
PART0025,Harish Baria,1.6,Bike,3.65,1089,Delhi
PART0026,Tejas Mahajan,1.2,Van,3.71,1117,Chennai
PART0027,Edhitha Agrawal,13.3,Van,4.44,17200,Jaipur
PART0028,Victor Bhalla,3.3,Van,4.36,4644,Bengaluru
PART0029,Harita Saraf,0.9,Bike,4.13,625,Kolkata
PART0030,Kiaan Wali,2.4,Bike,4.32,1097,Pune
PART0031,Nimrat Rajagopal,0.4,Van,3.7,0,Chennai
PART0032,Alexander Saini,0.8,Bike,3.63,1313,Delhi
PART0033,Ishanvi Mohanty,1.0,Van,4.81,1258,Kolkata
PART0034,Maya Badal,12.4,EV,3.68,9613,Mumbai
PART0035,Eta Bumb,4.2,Truck,3.47,2594,Jaipur
PART0036,Gagan Bhandari,10.2,Truck,3.67,12605,Kolkata
PART0037,Xiti Mannan,0.1,Truck,4.98,0,Bengaluru
PART0038,Lopa Gandhi,3.6,Bike,4.51,3826,Chennai
PART0039,Ladli Mukhopadhyay,2.7,EV,3.5,2698,Bengaluru
PART0040,Hemang Vyas,4.7,EV,4.51,4709,Kolkata
PART0041,Kalpit Mall,2.6,Bike,4.3,3856,Hyderabad
PART0042,Chaaya Bhat,6.2,Bike,3.98,5884,Delhi
PART0043,Vivaan Nagy,2.4,Bike,4.42,2979,Chennai
PART0044,Kashvi Khosla,0.3,EV,4.15,254,Mumbai
PART0045,Nakul Malhotra,5.0,Van,4.57,3677,Hyderabad
PART0046,Upma Setty,1.9,Bike,3.9,2245,Hyderabad
PART0047,Baljiwan Sekhon,2.9,EV,4.46,2624,Ahmedabad
PART0048,Janani Naidu,5.2,Bike,3.99,5930,Chennai
PART0049,Udant Sunder,2.3,EV,3.64,1691,Chennai
PART0050,Ira Dubey,1.5,Bike,4.34,1615,Hyderabad
PART0051,Faqid Garde,7.2,Van,3.81,6217,Mumbai
PART0052,Ganga Mannan,2.9,Van,4.25,3315,Hyderabad
PART0053,Tanvi Behl,1.9,Bike,3.75,1791,Hyderabad
PART0054,Vyanjana Nair,1.6,Van,3.24,1323,Bengaluru
PART0055,Nakul Srinivasan,0.1,Truck,4.49,297,Kolkata
PART0056,Anusha Sangha,3.3,Bike,4.51,3917,Delhi
PART0057,Neel Kadakia,2.8,Bike,3.99,1957,Chennai
PART0058,Watika Kumar,5.8,Bike,4.07,8653,Delhi
PART0059,Lucky Bhasin,4.4,Van,4.24,2908,Bengaluru
PART0060,Zansi Nori,8.2,Bike,4.7,8095,Pune
PART0061,Baljiwan Sarma,0.2,Bike,3.71,251,Bengaluru
PART0062,Daniel Lala,0.4,Truck,4.12,276,Kolkata
PART0063,Hema Butala,2.6,Van,4.52,3602,Bengaluru
PART0064,Barkha Dhar,0.3,Van,4.43,537,Chennai
PART0065,Ekaja Singhal,3.7,Bike,3.82,2111,Indore
PART0066,Timothy Oak,8.4,Bike,4.43,7723,Mumbai
PART0067,Saksham Subramaniam,0.8,Bike,4.4,1246,Bengaluru
PART0068,Yug Nath,0.0,Truck,4.41,445,Kolkata
PART0069,Bhavani Sahni,0.2,EV,4.06,886,Pune
PART0070,Devika De,2.8,Bike,4.45,2582,Bengaluru
PART0071,Oliver Bains,8.0,Bike,4.55,9926,Chennai
PART0072,Daniel Vaidya,3.6,Bike,4.26,3199,Hyderabad
PART0073,Lohit Bains,0.3,EV,4.51,777,Hyderabad
PART0074,Yatan Jayaraman,3.1,Bike,3.77,3382,Indore
PART0075,Nikita Bose,2.0,EV,4.07,2571,Pune
PART0076,Wishi Vora,2.0,Bike,4.61,1759,Chennai
PART0077,Ranbir Sen,7.0,EV,4.74,7222,Hyderabad
PART0078,Praneel Raja,15.0,Bike,4.33,13487,Kolkata
PART0079,Ranbir Kamdar,2.9,EV,4.21,2612,Hyderabad
PART0080,Bhavini Chaudry,1.6,Truck,4.17,545,Indore
PART0081,Vasana Chada,15.0,Bike,3.98,16587,Hyderabad
PART0082,Chanakya Korpal,1.1,Truck,4.09,2044,Delhi
PART0083,Vihaan Bhat,0.9,Bike,4.3,1661,Indore
PART0084,Bishakha Manda,1.6,Bike,3.79,985,Hyderabad
PART0085,Charvi Krish,11.3,Van,4.69,10513,Hyderabad
PART0086,Qushi Bhagat,2.5,Bike,3.62,2162,Chennai
PART0087,Amol Issac,0.8,Bike,4.86,625,Chennai
PART0088,Tristan Sinha,2.7,Van,4.44,1914,Bengaluru
PART0089,Nathan Bhavsar,5.0,Bike,3.91,4769,Chennai
PART0090,Wridesh Sagar,0.9,Van,3.76,1533,Delhi
PART0091,Odika Tara,4.4,Bike,4.9,3596,Jaipur
PART0092,Ubika Sha,4.5,Bike,3.89,5828,Bengaluru
PART0093,Omaja Oommen,0.3,Bike,4.59,0,Jaipur
PART0094,Krishna Mukhopadhyay,1.8,Bike,4.53,2352,Chennai
PART0095,Ijaya Misra,0.1,Bike,4.33,225,Bengaluru
PART0096,Dalbir Joshi,5.1,Bike,4.03,5127,Pune
PART0097,Yamini Choudhry,4.1,Van,4.2,3288,Kolkata
PART0098,Zashil Jaggi,9.1,Bike,4.58,7292,Pune
PART0099,Indrajit Chokshi,5.5,Bike,5.0,7404,Mumbai
PART0100,Logan Raj,2.4,Bike,4.87,2498,Jaipur
PART0101,Divya Prabhu,8.1,Bike,4.03,7034,Jaipur
PART0102,Wahab Bawa,12.7,Bike,4.23,9643,Kolkata
PART0103,Rehaan Krish,0.2,EV,4.54,717,Chennai
PART0104,Fitan Jha,2.3,Bike,3.84,2656,Kolkata
PART0105,Ekaraj Mukhopadhyay,2.9,Van,4.04,2009,Pune
PART0106,Gayathri Balakrishnan,8.6,Van,4.85,10123,Pune
PART0107,Arin Dhar,2.7,Bike,3.72,2074,Indore
PART0108,Zashil Badal,0.8,Bike,4.22,0,Bengaluru
PART0109,Lakshit Sami,14.3,Bike,4.46,16717,Mumbai
PART0110,Lekha Sarraf,2.4,Van,4.41,2557,Pune
PART0111,Hitesh Nagarajan,15.0,EV,4.45,11589,Hyderabad
PART0112,Chameli Mohan,7.2,Van,4.89,8414,Bengaluru
PART0113,Rajeshri Dugar,3.2,Bike,3.58,2811,Kolkata
PART0114,Osha Mangal,0.2,EV,4.34,312,Hyderabad
PART0115,Aadhya Deshpande,3.4,Bike,4.7,3138,Bengaluru
PART0116,Sudiksha Krish,8.5,Van,3.55,6415,Chennai
PART0117,Owen Manda,5.1,Truck,4.33,5897,Delhi
PART0118,Rajeshri Narang,15.0,Bike,3.98,15569,Bengaluru
PART0119,Om Pai,2.9,Van,3.94,2158,Bengaluru
PART0120,Bahadurjit Dugar,0.6,Bike,4.29,201,Mumbai
PART0121,Jalsa Tripathi,6.4,Bike,4.99,5937,Pune
PART0122,Sudiksha Shere,6.8,Bike,4.11,6915,Indore
PART0123,Naveen Prasad,1.4,Bike,4.1,1400,Mumbai
PART0124,Aishani Wali,9.3,Van,4.58,8009,Delhi
PART0125,Charita Parmar,0.5,Bike,3.87,1121,Delhi
PART0126,Leena Nath,7.0,EV,4.18,8836,Hyderabad
PART0127,Anya Murthy,4.3,Bike,4.2,1696,Bengaluru
PART0128,Chaaya Misra,3.3,EV,4.3,2721,Bengaluru
PART0129,Zayan Nagy,2.4,Bike,4.41,2276,Hyderabad
PART0130,Wazir Ahuja,0.3,Bike,3.48,0,Chennai
PART0131,Aarna Bora,15.0,Van,4.5,15299,Hyderabad
PART0132,Omkaar Mitter,0.6,Van,3.45,433,Hyderabad
PART0133,Keya Tandon,2.2,Bike,3.82,1756,Mumbai
PART0134,Ganga Kumer,0.6,Bike,3.55,448,Bengaluru
PART0135,Aditya Biswas,8.7,Bike,3.69,11184,Indore
PART0136,Vinaya Pal,4.1,Bike,4.63,4891,Hyderabad
PART0137,Jeet Mitra,3.8,Bike,4.05,3248,Delhi
PART0138,Siya Bassi,9.6,Bike,4.47,11933,Pune
PART0139,Pallavi Suri,3.0,EV,4.4,2071,Indore
PART0140,Hemal Basu,5.3,Van,5.0,5569,Chennai
PART0141,Yahvi Bala,5.1,Bike,4.06,6005,Chennai
PART0142,Dayita Bose,0.2,EV,5.0,0,Mumbai
PART0143,Veda Bali,2.5,Bike,4.44,2909,Mumbai
PART0144,Wyatt Madan,0.4,Bike,4.65,1012,Bengaluru
PART0145,Brijesh Kothari,0.1,Bike,4.08,14,Mumbai
PART0146,Odika Chaudhari,1.3,Bike,3.95,1185,Chennai
PART0147,Chanchal Arora,3.2,Bike,4.86,3906,Mumbai
PART0148,Joshua Chahal,1.8,Van,4.81,1842,Bengaluru
PART0149,Amrita Palla,4.1,Bike,3.66,4587,Chennai
PART0150,Ekiya Goel,7.5,Bike,4.71,5992,Pune
PART0151,Hemani Mani,7.1,Bike,4.19,7223,Kolkata
PART0152,Yadavi Jaggi,7.3,EV,3.75,8249,Jaipur
PART0153,Mugdha Suri,0.3,Van,3.26,0,Bengaluru
PART0154,Gautam Pant,1.2,Bike,5.0,1539,Bengaluru
PART0155,Pallavi Raman,3.8,Bike,3.98,3887,Kolkata
PART0156,Idika Parmer,4.2,EV,4.25,4983,Mumbai
PART0157,Imaran Nair,5.0,Bike,4.22,4347,Mumbai
PART0158,Ojasvi Saha,13.1,Bike,3.91,12101,Indore
PART0159,Oviya Sachdeva,3.9,Bike,4.21,2885,Jaipur
PART0160,Caleb Khatri,0.2,Bike,3.48,14,Kolkata
PART0161,William Rama,1.5,Bike,4.05,1293,Delhi
PART0162,Nikita Atwal,5.1,Van,4.09,5929,Delhi
PART0163,Kamala Murthy,2.6,Bike,3.78,3461,Bengaluru
PART0164,Odika Dada,0.3,EV,4.27,0,Hyderabad
PART0165,Theodore Johal,12.1,Bike,4.5,13851,Bengaluru
PART0166,Ojasvi Guha,2.7,Van,5.0,2605,Bengaluru
PART0167,Karan Lal,3.1,Bike,4.29,3012,Bengaluru
PART0168,Falan Vaidya,1.4,Bike,3.73,461,Kolkata
PART0169,Kashvi Rana,9.9,Bike,4.63,11267,Mumbai
PART0170,Ekalinga Dave,0.6,Bike,3.52,864,Delhi
PART0171,Maanav Sanghvi,2.0,Bike,4.28,768,Jaipur
PART0172,Devika Rama,6.8,Bike,4.03,7688,Bengaluru
PART0173,Daksha Vora,2.6,Truck,4.59,2480,Pune
PART0174,Yashica Rege,4.4,Bike,3.53,3465,Chennai
PART0175,Frederick Sandal,2.5,EV,3.84,2013,Mumbai
PART0176,Dalbir Palan,4.6,Bike,4.52,3894,Bengaluru
PART0177,Warda Behl,1.9,Bike,5.0,2126,Pune
PART0178,Samarth Ramachandran,2.7,EV,4.37,3567,Hyderabad
PART0179,Pranit Palan,2.1,Van,4.08,2320,Indore
PART0180,Pahal Krishna,4.4,Van,3.87,3532,Pune
PART0181,Wahab Agrawal,0.6,EV,4.06,979,Chennai
PART0182,Krish Subramanian,15.0,Van,3.98,16830,Indore
PART0183,Nidra Anne,2.0,Bike,4.02,2319,Jaipur
PART0184,Vinaya Ramakrishnan,0.1,Bike,4.21,1033,Ahmedabad
PART0185,Hritik Chana,5.6,Truck,3.88,5746,Pune
PART0186,Yagnesh Shukla,4.1,Bike,3.91,3027,Mumbai
PART0187,Janani Pal,15.0,Bike,4.21,18288,Indore
PART0188,Lipika Agrawal,1.9,Truck,4.15,399,Kolkata
PART0189,Mason Ghose,2.1,Van,3.75,2260,Bengaluru
PART0190,Advik Sachdev,0.6,Bike,4.87,0,Pune
PART0191,Ijaya Sahni,4.9,Van,3.86,4337,Chennai
PART0192,Samuel Pandit,3.5,Bike,4.22,3021,Bengaluru
PART0193,Suhani Prakash,10.0,Bike,3.82,9631,Chennai
PART0194,Bimala Ganesan,6.2,Bike,3.61,6318,Delhi
PART0195,Dhruv Agarwal,5.5,Van,4.5,3759,Kolkata
PART0196,Abhiram Banik,1.3,Bike,3.7,1788,Ahmedabad
PART0197,Nathaniel Singh,15.0,Bike,4.12,14187,Mumbai
PART0198,Andrew Kamdar,6.7,Bike,3.85,5037,Kolkata
PART0199,Darika Viswanathan,11.8,Bike,4.03,10747,Mumbai
PART0200,Sai Modi,0.8,Bike,4.62,0,Pune
PART0201,Samuel Nair,1.2,Van,3.9,1282,Bengaluru
PART0202,Veer Om,4.4,Van,3.61,4832,Hyderabad
PART0203,Faris D’Alia,1.6,Van,4.64,1605,Jaipur
PART0204,Agastya Kibe,1.5,Bike,3.75,853,Mumbai
PART0205,Pushti Narayan,0.8,EV,4.08,438,Chennai
PART0206,Liam Bhavsar,4.5,EV,3.15,5027,Mumbai
PART0207,Ryan Bhatt,2.6,Bike,4.33,2346,Chennai
PART0208,Girindra Gade,3.4,Bike,4.92,5018,Mumbai
PART0209,Unnati Sundaram,3.8,Bike,3.84,4559,Indore
PART0210,Shaurya Raman,0.4,Bike,3.52,479,Bengaluru
PART0211,Lekha Ramaswamy,1.3,Bike,4.25,1644,Bengaluru
PART0212,Manya Modi,2.4,Van,4.35,2504,Delhi
PART0213,Parth Tripathi,2.5,Bike,3.46,3825,Pune
PART0214,Yatin Dutt,1.0,Bike,5.0,1731,Hyderabad
PART0215,Eta Varma,1.7,Bike,4.29,1028,Pune
PART0216,Gayathri Anne,0.8,Van,3.46,417,Bengaluru
PART0217,Sai Swamy,6.2,Bike,4.57,6205,Ahmedabad
PART0218,Oscar Mall,2.0,EV,4.34,1410,Chennai
PART0219,Umang Swaminathan,3.4,Van,4.07,2972,Hyderabad
PART0220,Tejas Pai,2.3,Bike,4.23,2758,Bengaluru
PART0221,Hritik Iyer,2.9,Bike,3.19,3431,Pune
PART0222,Zashil Oza,5.5,Truck,4.09,5375,Pune
PART0223,Sara Narayan,5.7,Bike,4.56,4698,Mumbai
PART0224,Siya Chaudhari,4.1,Van,4.0,5496,Indore
PART0225,Champak Krish,0.5,EV,4.56,1030,Bengaluru
PART0226,Kala Rau,7.4,Bike,4.43,9550,Delhi
PART0227,David Shan,0.7,Van,4.0,994,Mumbai
PART0228,Jeremiah Rao,1.4,Van,4.28,1202,Chennai
PART0229,Max Mander,5.3,Bike,3.64,5376,Bengaluru
PART0230,Ekbal Tella,0.9,Bike,4.06,932,Pune
PART0231,Nathaniel Tiwari,1.4,Bike,4.01,1188,Chennai
PART0232,Yashica Thakkar,2.5,Bike,3.81,1984,Pune
PART0233,Aayush Borah,0.8,EV,3.41,914,Delhi
PART0234,Jai Malhotra,6.2,Bike,3.99,7874,Mumbai
PART0235,Riya Taneja,0.5,Truck,3.38,867,Jaipur
PART0236,Amrita Chakraborty,15.0,EV,4.02,14888,Pune
PART0237,Mugdha Chad,2.4,Bike,4.61,2917,Bengaluru
PART0238,Indira Sastry,10.5,Bike,4.25,9912,Chennai
PART0239,Hiral Devan,5.0,Bike,5.0,5107,Delhi
PART0240,Krish Ram,3.8,Van,4.58,3406,Bengaluru
PART0241,Falak Luthra,2.0,Van,4.31,2604,Mumbai
PART0242,Karan Mody,1.9,Van,4.82,2270,Hyderabad
PART0243,Chaman Gupta,10.8,Bike,4.64,13617,Kolkata
PART0244,Ekaja Shanker,8.8,Bike,4.23,11224,Bengaluru
PART0245,Nimrat Rana,9.8,Bike,4.19,6684,Pune
PART0246,Wazir Wason,3.9,Bike,3.99,2952,Mumbai
PART0247,Hemal Oak,12.4,Bike,3.81,10957,Delhi
PART0248,Bahadurjit Chana,0.9,Bike,4.54,952,Chennai
PART0249,Hiral Ratta,5.0,Bike,4.36,3609,Delhi
PART0250,Yutika Guha,2.8,Bike,4.88,3493,Bengaluru
PART0251,Sathvik Patla,6.0,Bike,3.87,7269,Delhi
PART0252,Leela Aurora,0.8,EV,4.49,0,Mumbai
PART0253,Bhavani Chahal,1.8,EV,4.12,2080,Ahmedabad
PART0254,Tripti Balasubramanian,5.4,Van,3.83,5182,Ahmedabad
PART0255,Leela Cherian,3.1,Van,4.26,2389,Delhi
PART0256,Victor Rout,14.3,EV,4.51,18004,Kolkata
PART0257,Waida Warrior,15.0,Van,4.55,13643,Kolkata
PART0258,Raksha Deshpande,7.8,Van,3.7,5736,Bengaluru
PART0259,Logan Balakrishnan,5.2,Bike,4.4,5050,Hyderabad
PART0260,Tanish Chaudhry,5.1,Van,4.88,3946,Bengaluru
PART0261,Nakul Apte,9.9,Bike,5.0,10913,Bengaluru
PART0262,Meghana Sood,5.6,Bike,4.34,6418,Delhi
PART0263,Thomas Savant,0.9,Bike,3.91,1779,Bengaluru
PART0264,Anay Iyengar,4.5,Bike,4.29,5765,Bengaluru
PART0265,Udant Merchant,0.4,Van,4.21,737,Delhi
PART0266,Yahvi Kapur,8.5,Truck,3.35,7977,Kolkata
PART0267,Janaki Salvi,1.4,EV,4.28,871,Indore
PART0268,Aadi Sharma,3.7,Bike,4.02,4268,Delhi
PART0269,Aarnav Palan,1.1,Van,4.13,342,Chennai
PART0270,Eshana Swaminathan,3.5,Bike,4.16,4746,Bengaluru
PART0271,Rishi Reddy,1.4,Bike,4.72,9,Mumbai
PART0272,Vanya Bandi,6.1,EV,4.0,5687,Pune
PART0273,Abha Raman,6.4,Bike,3.77,5797,Hyderabad
PART0274,Saksham Kohli,6.3,Bike,3.68,7817,Chennai
PART0275,Manya Krishnamurthy,2.8,Bike,3.65,2660,Indore
PART0276,Harita Madan,1.0,EV,3.9,1341,Kolkata
PART0277,Warhi Khosla,3.5,Bike,4.11,4074,Hyderabad
PART0278,Irya Varughese,8.1,Bike,5.0,6737,Pune
PART0279,Jeet Bhardwaj,4.7,Bike,4.64,4954,Bengaluru
PART0280,Ganga Kala,4.3,Truck,4.23,4960,Mumbai
PART0281,Laban Goda,4.9,Bike,3.44,6628,Mumbai
PART0282,Oni Datta,4.2,Bike,4.35,5195,Mumbai
PART0283,Anita Tandon,1.0,Bike,4.39,1638,Bengaluru
PART0284,Bachittar Narang,1.6,Bike,4.32,1164,Bengaluru
PART0285,Damini Atwal,0.4,Truck,3.67,1250,Delhi
PART0286,Chaaya Raju,12.2,Bike,4.78,9544,Kolkata
PART0287,Diya Sibal,1.4,Bike,4.66,2168,Indore
PART0288,Banjeet Bal,15.0,Truck,4.76,14176,Chennai
PART0289,Christopher Banerjee,3.9,Truck,3.7,4643,Bengaluru
PART0290,Shaurya Venkataraman,0.0,Truck,5.0,219,Hyderabad
PART0291,Aarini Ramanathan,0.1,Bike,3.72,0,Indore
PART0292,Vincent More,12.2,EV,3.23,10816,Jaipur
PART0293,Barkha Kohli,2.1,Bike,4.04,1737,Hyderabad
PART0294,Vincent Bali,0.5,Bike,4.83,599,Mumbai
PART0295,Henry Kade,0.5,Bike,3.84,0,Delhi
PART0296,Eesha Radhakrishnan,1.0,Bike,3.88,2188,Indore
PART0297,Ekansh Viswanathan,1.8,Bike,4.09,1512,Bengaluru
PART0298,Luke Chopra,5.4,EV,5.0,4517,Chennai
PART0299,Agastya Palla,2.6,Van,3.62,2966,Indore
PART0300,Jeremiah Kulkarni,0.3,Bike,4.36,119,Indore
PART0301,Jagrati Bir,0.5,Bike,3.57,0,Hyderabad
PART0302,Gabriel Barman,1.4,Truck,4.06,1063,Mumbai
PART0303,Ira Mital,2.9,Bike,4.47,3546,Indore
PART0304,Chaaya Ganesan,1.0,Van,4.81,212,Bengaluru
PART0305,Dev Golla,1.4,Van,4.27,1502,Hyderabad
PART0306,Saumya Bansal,4.8,EV,3.99,3174,Chennai
PART0307,Liam Koshy,0.6,Bike,4.5,978,Hyderabad
PART0308,Omya Sidhu,15.0,Bike,4.38,15558,Indore
PART0309,Qushi Bansal,9.7,Bike,4.44,11406,Bengaluru
PART0310,Noah Viswanathan,13.0,Bike,4.28,13156,Kolkata
PART0311,Ekavir Jaggi,2.4,Truck,3.91,1982,Indore
PART0312,Anay Kala,3.6,Bike,5.0,4011,Kolkata
PART0313,Tejas Walla,7.8,Van,3.88,6654,Bengaluru
PART0314,Bhavini Mannan,6.6,Bike,3.89,6060,Pune
PART0315,Ansh Wable,2.5,Van,4.89,1963,Hyderabad
PART0316,Yashvi Hegde,0.1,Bike,4.79,0,Bengaluru
PART0317,William Dyal,0.7,EV,4.08,711,Bengaluru
PART0318,Sara Anand,5.5,Van,3.75,4608,Hyderabad
PART0319,Lekha Raja,1.4,Bike,3.46,672,Hyderabad
PART0320,Yashvi Ganesan,0.9,Truck,3.38,560,Delhi
PART0321,Urmi Das,0.8,Bike,3.39,368,Mumbai
PART0322,Dayamai Buch,12.4,Bike,4.08,12112,Kolkata
PART0323,Jacob Kapadia,0.2,Bike,4.07,704,Mumbai
PART0324,Henry Brahmbhatt,0.4,Truck,3.9,402,Chennai
PART0325,Yashodhara Sachdeva,8.7,Bike,4.48,7958,Delhi
PART0326,Harita Sarma,2.6,EV,3.86,2631,Mumbai
PART0327,Nidra Sethi,2.1,Truck,4.74,2394,Pune
PART0328,Ekbal Deshpande,0.8,Bike,4.72,949,Chennai
PART0329,Bahadurjit Kari,0.6,Van,4.47,1028,Hyderabad
PART0330,Nachiket Wali,5.4,Truck,3.78,4803,Delhi
PART0331,Ekaja Sarma,2.4,Truck,4.72,3033,Bengaluru
PART0332,Bahadurjit Parmar,0.9,Bike,4.21,861,Hyderabad
PART0333,Wazir Arya,0.8,Bike,3.93,180,Mumbai
PART0334,Omisha Arya,3.9,Bike,3.62,4656,Delhi
PART0335,Raksha Suresh,1.5,Van,4.78,2154,Kolkata
PART0336,Indrajit Gara,2.0,Bike,3.98,2302,Kolkata
PART0337,Urmi Gill,1.6,Bike,4.68,1863,Delhi
PART0338,Ekiya Om,6.6,Bike,4.21,5445,Chennai
PART0339,Devansh Gulati,6.8,Bike,3.98,6568,Ahmedabad
PART0340,Baghyawati Sachdeva,0.0,EV,3.74,0,Jaipur
PART0341,Aarna Patla,4.5,Bike,3.46,5693,Pune
PART0342,Dayamai Mutti,2.3,Van,3.59,2397,Ahmedabad
PART0343,Sneha Parekh,5.9,Truck,3.72,6190,Mumbai
PART0344,Isha Sawhney,0.1,Bike,4.59,0,Delhi
PART0345,Chameli Vasa,2.3,Van,3.48,2693,Hyderabad
PART0346,Ekantika Dewan,0.8,Bike,4.26,495,Kolkata
PART0347,Chanakya Chowdhury,2.7,Van,4.76,2202,Hyderabad
PART0348,Hemang Chauhan,0.9,Truck,4.0,938,Jaipur
PART0349,Divya Sant,1.1,EV,4.58,0,Bengaluru
PART0350,Zaid Kata,4.5,Bike,4.54,2889,Bengaluru
PART0351,Falan Nagarajan,1.3,Bike,4.02,865,Bengaluru
PART0352,Priya Mangat,0.7,Van,4.37,1330,Indore
PART0353,Warda Bansal,12.0,Bike,4.36,10141,Ahmedabad
PART0354,Darpan Sachdev,1.2,Bike,3.47,871,Bengaluru
PART0355,Samaksh Thaman,1.1,Van,3.88,854,Mumbai
PART0356,Ekansh Kapoor,1.5,EV,4.11,1297,Bengaluru
PART0357,Radha Naik,7.5,Bike,3.37,7230,Pune
PART0358,Peter Sundaram,2.9,Van,4.05,2287,Chennai
PART0359,Yashodhara Sangha,3.9,Van,3.75,4077,Chennai
PART0360,Yuvraj Mistry,3.5,Bike,4.2,2636,Mumbai
PART0361,Krisha Jain,7.7,EV,4.72,6698,Bengaluru
PART0362,Samuel Zachariah,1.6,Bike,4.25,2142,Bengaluru
PART0363,Yash Mital,0.3,Bike,4.97,731,Hyderabad
PART0364,Lakshit Mallick,1.6,Bike,3.74,1437,Hyderabad
PART0365,Siya Bera,0.3,Van,4.43,360,Mumbai
PART0366,Faraj Nadig,4.8,Bike,4.25,5460,Indore
PART0367,Upma Wali,2.6,Bike,4.38,2237,Indore
PART0368,Neha Handa,2.7,Bike,4.34,2731,Indore
PART0369,Samaksh Ganesan,9.4,Bike,4.74,11737,Hyderabad
PART0370,Maanav Shetty,2.8,EV,4.19,2795,Delhi
PART0371,Krishna Choudhary,0.8,Truck,4.61,0,Bengaluru
PART0372,Naveen Vaidya,2.7,EV,4.04,3664,Pune
PART0373,Turvi Krishna,0.1,Bike,3.82,248,Chennai
PART0374,Omisha Gole,2.5,Bike,4.21,3339,Pune
PART0375,Upasna Bakshi,0.2,Bike,4.15,0,Bengaluru
PART0376,Hemangini Mallick,2.5,Van,4.29,2005,Jaipur
PART0377,Sachi Goyal,8.8,Bike,4.71,9148,Pune
PART0378,Gopal Gulati,0.8,Bike,3.92,987,Hyderabad
PART0379,Mohammed Gola,1.6,Van,4.61,1591,Hyderabad
PART0380,Gautam Gill,4.6,Bike,4.09,4223,Bengaluru
PART0381,Liam Uppal,0.2,Bike,5.0,597,Kolkata
PART0382,Manya Goyal,3.4,Van,4.24,3838,Pune
PART0383,Wridesh Krishna,1.0,EV,4.16,1540,Hyderabad
PART0384,Yachana Patel,10.2,Bike,4.85,9815,Mumbai
PART0385,Harita Pillai,2.6,Bike,3.65,1818,Jaipur
PART0386,Devansh Zacharia,2.8,EV,3.79,3772,Pune
PART0387,Eesha Yohannan,0.5,Bike,4.3,851,Mumbai
PART0388,Frederick Lal,15.0,Bike,4.3,13813,Bengaluru
PART0389,Charan Kata,1.3,Bike,4.13,1565,Jaipur
PART0390,Neelima Kar,0.5,EV,4.58,1197,Delhi
PART0391,Samaksh Dutt,2.8,Bike,4.4,2911,Bengaluru
PART0392,Raagini Soman,1.3,Van,4.5,1139,Chennai
PART0393,Eta Mitter,11.7,Van,4.05,11138,Hyderabad
PART0394,Darika Sekhon,3.5,Bike,4.47,2356,Chennai
PART0395,Jagvi Savant,1.8,Bike,4.01,1610,Delhi
PART0396,Pooja Thakur,3.8,EV,4.5,3778,Mumbai
PART0397,Liam Chanda,3.1,Bike,4.41,1093,Mumbai
PART0398,Manbir Peri,1.0,Bike,4.55,1488,Delhi
PART0399,Omisha Gera,3.0,Van,3.9,3257,Hyderabad
PART0400,Dipta Raju,0.3,Bike,4.52,0,Chennai
PART0401,Shivansh Misra,8.7,Bike,3.91,6303,Mumbai
PART0402,Libni Bedi,5.4,Bike,4.1,3934,Pune
PART0403,Shivansh Bahri,4.1,EV,3.17,5287,Bengaluru
PART0404,Janaki Sarna,6.0,Bike,3.82,8473,Pune
PART0405,Bimala Rana,12.9,Bike,3.84,10466,Mumbai
PART0406,Tanay Ramaswamy,2.3,Truck,4.19,1394,Mumbai
PART0407,Faras Ranganathan,0.6,Bike,5.0,33,Delhi
PART0408,Yagnesh Babu,0.0,EV,4.85,88,Mumbai
PART0409,Lila Barman,0.3,Bike,4.03,0,Mumbai
PART0410,Upasna Dugar,0.0,Bike,4.57,0,Hyderabad
PART0411,Max Varkey,4.6,Truck,4.5,6576,Bengaluru
PART0412,Warinder Johal,0.9,Truck,3.84,903,Mumbai
PART0413,Devika Bawa,0.9,Bike,5.0,410,Bengaluru
PART0414,Xalak Manda,1.1,EV,4.02,526,Bengaluru
PART0415,Gautam Sant,0.6,Bike,4.44,871,Indore
PART0416,Aachal Kapadia,0.2,Van,4.51,0,Mumbai
PART0417,Veer Chandran,2.7,Bike,3.24,3709,Delhi
PART0418,Guneet Rama,1.8,Bike,4.32,1979,Hyderabad
PART0419,Wahab Prashad,0.2,EV,4.67,0,Jaipur
PART0420,Praneel Dhawan,5.8,Bike,3.45,5882,Chennai
PART0421,Janani Nadkarni,1.1,Bike,3.65,1450,Mumbai
PART0422,Elijah Mannan,9.9,Van,4.49,6861,Indore
PART0423,Garima Setty,3.1,Van,4.68,3957,Chennai
PART0424,Max Gaba,7.1,Bike,4.71,5774,Chennai
PART0425,Faqid Chawla,2.3,Bike,3.88,2172,Bengaluru
PART0426,Yasti Muni,6.7,Van,3.23,7575,Chennai
PART0427,Fariq Bansal,4.1,Bike,4.53,4308,Bengaluru
PART0428,Oeshi Bassi,0.4,Bike,4.3,18,Mumbai
PART0429,Qadim Ramachandran,2.2,Bike,4.27,2212,Bengaluru
PART0430,Chaman Sahota,0.7,Bike,4.71,618,Pune
PART0431,Hemang Sathe,6.3,Van,4.23,6998,Hyderabad
PART0432,Gautami Iyengar,2.8,Bike,4.09,2492,Mumbai
PART0433,Ladli Desai,1.0,Bike,3.73,1251,Bengaluru
PART0434,Arunima Bora,4.8,Van,3.85,6310,Jaipur
PART0435,Omaja Ramachandran,4.3,Bike,4.55,5083,Jaipur
PART0436,Bhavna Nagarajan,1.0,Truck,4.75,768,Pune
PART0437,Timothy Divan,0.8,Bike,3.83,47,Hyderabad
PART0438,Qushi Palla,10.1,Bike,4.09,10999,Ahmedabad
PART0439,Peter Mahal,1.6,EV,3.88,1533,Kolkata
PART0440,Siddharth Vohra,1.1,Van,3.61,1316,Hyderabad
PART0441,Hiral Lata,7.6,Van,5.0,9340,Bengaluru
PART0442,Akshay Sharma,2.0,Bike,4.02,1258,Mumbai
PART0443,Ekansh Aurora,4.4,Bike,4.04,3143,Chennai
PART0444,Onveer Varty,1.7,Bike,4.97,3123,Indore
PART0445,Arjun Ganguly,2.5,Bike,3.84,1450,Kolkata
PART0446,Atharv Pal,0.4,Truck,4.63,266,Jaipur
PART0447,Pavani Saraf,2.0,Van,4.49,2165,Delhi
PART0448,Girindra Krishnan,6.0,Bike,4.28,7321,Kolkata
PART0449,Vivaan Kapadia,2.8,Bike,4.17,1998,Kolkata
PART0450,Jairaj Tata,1.4,Van,4.16,1551,Pune
PART0451,Aachal Shah,0.0,Van,4.51,0,Delhi
PART0452,Ishanvi Kumer,0.9,Truck,3.88,1025,Delhi
PART0453,Onkar Gandhi,0.4,Bike,4.43,92,Bengaluru
PART0454,Pranav Dugar,1.3,Bike,3.72,410,Ahmedabad
PART0455,Pranit Tripathi,0.8,Bike,4.28,703,Delhi
PART0456,Ishanvi Golla,2.4,Truck,3.01,1687,Pune
PART0457,Yashodhara Pandya,5.4,Bike,3.99,7078,Bengaluru
PART0458,Indrajit Sastry,7.3,Bike,4.09,7555,Bengaluru
PART0459,Aarush Dara,5.8,Bike,4.52,8401,Chennai
PART0460,Omisha Sani,0.7,Bike,5.0,1134,Hyderabad
PART0461,Gaurika Bath,15.0,Bike,4.11,14892,Mumbai
PART0462,Dakshesh Sood,1.7,EV,4.52,2270,Bengaluru
PART0463,Laban Mallick,1.0,Bike,3.87,788,Pune
PART0464,Vincent Merchant,1.7,Bike,5.0,1897,Mumbai
PART0465,Chatura Koshy,2.0,Van,4.47,1396,Mumbai
PART0466,Jasmit Bath,0.2,Van,3.33,40,Pune
PART0467,Vidhi Krishna,4.3,Van,4.78,3342,Bengaluru
PART0468,Max Khatri,2.6,Bike,4.19,2882,Delhi
PART0469,Yashasvi Manda,1.2,Bike,4.56,536,Bengaluru
PART0470,Champak Kata,2.1,Bike,4.18,2660,Chennai
PART0471,Maya Pant,7.9,Truck,3.94,9178,Pune
PART0472,Shivansh Lata,0.4,Bike,4.73,1294,Jaipur
PART0473,Ishani Vohra,4.5,Bike,4.16,4738,Hyderabad
PART0474,Rayaan Kar,0.1,Bike,4.24,0,Pune
PART0475,Nirja Kumar,0.1,Bike,3.97,0,Mumbai
PART0476,Bhavna Sabharwal,3.6,Van,4.3,3329,Mumbai
PART0477,Kabir Batra,2.8,Bike,4.55,3540,Indore
PART0478,Anmol Natarajan,1.1,Bike,3.68,999,Bengaluru
PART0479,Anita Vaidya,5.2,Van,3.6,5173,Chennai
PART0480,Hitesh Natt,1.9,Van,3.78,689,Kolkata
PART0481,Divya Dalal,5.1,Bike,4.68,2878,Jaipur
PART0482,Siddharth Shukla,2.0,Bike,3.68,1874,Hyderabad
PART0483,Onkar Cheema,0.0,Bike,5.0,0,Bengaluru
PART0484,Charles Subramanian,6.6,Truck,3.38,8912,Hyderabad
PART0485,Bhavya Kurian,0.4,EV,4.37,1063,Mumbai
PART0486,Vincent Chhabra,0.9,Bike,4.36,2069,Bengaluru
PART0487,Urishilla Dash,2.6,Truck,3.41,2014,Ahmedabad
PART0488,Zayan Anne,3.2,Bike,4.32,2803,Delhi
PART0489,Sai Kunda,15.0,Bike,4.2,17646,Chennai
PART0490,Meera Wable,6.9,Bike,3.61,6248,Pune
PART0491,Meghana Narayan,0.0,EV,4.35,86,Pune
PART0492,Sathvik Srinivas,7.1,Bike,3.99,7456,Pune
PART0493,Arunima Radhakrishnan,0.4,Van,4.72,500,Mumbai
PART0494,Krishna Ahluwalia,7.3,Bike,4.19,8935,Kolkata
PART0495,Krishna Kanda,1.8,EV,3.65,1770,Kolkata
PART0496,Kritika Bhardwaj,2.6,EV,4.06,1779,Indore
PART0497,Upma Lall,9.9,Van,3.9,13731,Mumbai
PART0498,Manbir Ahuja,0.6,Bike,4.65,0,Pune
PART0499,Aarav Hans,1.5,Truck,4.53,597,Jaipur
PART0500,Zansi Kade,6.9,Bike,4.57,7988,Bengaluru
