warehouse_id,warehouse_name,city,warehouse_type,capacity_units,staff_count,operating_hours
WH0001,Pune Warehouse 01,Pune,Sorting Hub,10438,40,16
WH0002,Delhi Warehouse 02,Delhi,Distribution Center,16585,65,12
WH0003,Kolkata Warehouse 03,Kolkata,Distribution Center,16667,63,12
WH0004,Jaipur Warehouse 04,Jaipur,Distribution Center,31695,83,16
WH0005,Ahmedabad Warehouse 05,Ahmedabad,Sorting Hub,12006,31,20
WH0006,Kolkata Warehouse 06,Kolkata,Distribution Center,20333,56,12
WH0007,Hyderabad Warehouse 07,Hyderabad,Distribution Center,13900,31,12
WH0008,Hyderabad Warehouse 08,Hyderabad,Sorting Hub,24425,62,16
WH0009,Bengaluru Warehouse 09,Bengaluru,Distribution Center,24080,95,16
WH0010,Kolkata Warehouse 10,Kolkata,Distribution Center,39868,115,12
WH0011,Ahmedabad Warehouse 11,Ahmedabad,Distribution Center,33917,95,8
WH0012,Delhi Warehouse 12,Delhi,Sorting Hub,38875,86,24
WH0013,Jaipur Warehouse 13,Jaipur,Fulfillment Center,24063,60,24
WH0014,Hyderabad Warehouse 14,Hyderabad,Distribution Center,13354,29,8
WH0015,Delhi Warehouse 15,Delhi,Fulfillment Center,60276,211,24
WH0016,Jaipur Warehouse 16,Jaipur,Sorting Hub,58228,192,24
WH0017,Kolkata Warehouse 17,Kolkata,Fulfillment Center,68017,195,20
WH0018,Chennai Warehouse 18,Chennai,Distribution Center,9755,26,12
WH0019,Delhi Warehouse 19,Delhi,Sorting Hub,19277,46,20
WH0020,Mumbai Warehouse 20,Mumbai,Distribution Center,37199,148,8
WH0021,Bengaluru Warehouse 21,Bengaluru,Distribution Center,26033,69,12
WH0022,Kolkata Warehouse 22,Kolkata,Distribution Center,37196,94,8
WH0023,Kolkata Warehouse 23,Kolkata,Distribution Center,9421,35,12
WH0024,Indore Warehouse 24,Indore,Fulfillment Center,97115,272,16
WH0025,Chennai Warehouse 25,Chennai,Sorting Hub,42704,116,20
WH0026,Ahmedabad Warehouse 26,Ahmedabad,Sorting Hub,49000,134,12
WH0027,Chennai Warehouse 27,Chennai,Sorting Hub,16691,44,20
WH0028,Jaipur Warehouse 28,Jaipur,Sorting Hub,34591,127,20
WH0029,Hyderabad Warehouse 29,Hyderabad,Distribution Center,30114,100,12
WH0030,Pune Warehouse 30,Pune,Sorting Hub,37409,94,20
WH0031,Ahmedabad Warehouse 31,Ahmedabad,Distribution Center,20689,51,12
WH0032,Jaipur Warehouse 32,Jaipur,Fulfillment Center,47656,107,24
WH0033,Chennai Warehouse 33,Chennai,Distribution Center,13585,40,16
WH0034,Delhi Warehouse 34,Delhi,Sorting Hub,48761,121,20
WH0035,Jaipur Warehouse 35,Jaipur,Sorting Hub,35380,118,16
WH0036,Indore Warehouse 36,Indore,Distribution Center,31252,96,16
WH0037,Indore Warehouse 37,Indore,Fulfillment Center,76366,195,24
WH0038,Chennai Warehouse 38,Chennai,Distribution Center,22868,52,16
WH0039,Mumbai Warehouse 39,Mumbai,Sorting Hub,41073,134,20
WH0040,Mumbai Warehouse 40,Mumbai,Sorting Hub,49593,148,20
WH0041,Jaipur Warehouse 41,Jaipur,Sorting Hub,47226,138,20
WH0042,Jaipur Warehouse 42,Jaipur,Distribution Center,36059,108,12
WH0043,Jaipur Warehouse 43,Jaipur,Distribution Center,26183,66,12
WH0044,Indore Warehouse 44,Indore,Sorting Hub,50047,192,16
WH0045,Indore Warehouse 45,Indore,Fulfillment Center,77103,173,16
WH0046,Kolkata Warehouse 46,Kolkata,Distribution Center,34839,78,12
WH0047,Mumbai Warehouse 47,Mumbai,Distribution Center,26608,61,12
WH0048,Hyderabad Warehouse 48,Hyderabad,Distribution Center,18830,62,12
WH0049,Mumbai Warehouse 49,Mumbai,Distribution Center,34568,121,8
WH0050,Kolkata Warehouse 50,Kolkata,Fulfillment Center,54197,209,20
